Name,Description,Designator,Footprint,LibRef,Quantity

"5.1K","","R3, R4","RESC1005X40X25NL05T10","CMP-2002-07753-1","2"
"180K","","R1","RESC1005X40X25NL10T10","CMP-2002-05699-1","1"
"ME6211C15M5G-N","","U7","SOT95P280X145-5N","ME6211C15M5G-N","1"
"ME6211C28M5G-N","","U6","SOT95P280X145-5N","ME6211C28M5G-N","1"
"1K","Anti-Sulfurated Chip Resistors Automotive Grade 1kO 1% 100ppm/°C 0402","RLED","FP-AF0402-IPC_B","CMP-03412-038335-1","1"
"1M","Anti-Sulfurated Chip Resistors Automotive Grade 1MO 1% 100ppm/°C 0402","R2","FP-AF0402-IPC_A","CMP-03412-044504-1","1"
"2K","Anti-Sulfurated Chip Resistors Automotive Grade 2kO 1% 100ppm/°C 0402","R11","FP-AF0402-IPC_B","CMP-03412-043195-1","1"
"ESP32-S3-MINI-1U-N4R2","Bluetooth, WiFi 802.11b/g/n, Bluetooth v5.0 Transceiver Module 2.4GHz Antenna Not Included, U.FL Surface Mount","U3","XCVR_ESP32-S3-MINI-1U-N8","CMP-005-000000-1","1"
"100 nF","CAP 100nF 25V ±20% 0402 (1005 Metric) Thickness 0.6mm SMD","C5, C13, C16","CAPC0402(1005)60_L","CMP-1034-02073-1","3"
"0.1 uF","CAP CER 0.1UF 16V X5R 0402","C2","FP-CC0402-MFG","CMP-03422-001312-1","1"
".1 uF","CAP CER 0.1UF 16V X7R 0402","C9","FP-C0402-BB-MFG","CMP-2008-02108-2","1"
"4.7 uF","CAP CER 4.7UF 6.3V X5R 0805","C11, C12, C14, C15","FP-CC0805-0_85-MFG","CMP-03422-001114-1","4"
"10 pF","CAP CER 10PF 50V NP0 0402","C1","FP-C0402-BB-MFG","CMP-2008-03045-2","1"
"10 uF","CAP CER 10UF 16V X5R 0805","C8","FP-C0805C106K4PACTU-MFG","CMP-03020-034671-1","1"
"22 uF","Cap Ceramic 22uF 6.3V X5R ±20% Pad SMD 0603 +85°C T/R","C4","FP-CL10-IPC_B","CMP-13271-002500-1","1"
"10uF","Chip Capacitor, 10 uF, +/- 10%, 16 V, -25 to 85 degC, 0805 (2012 Metric), RoHS, Tape and Reel","CIN1, CIN2","CAPC2013X135X50ML10T25","CMP-2000-05449-1","2"
"0.1 uF","Chip Multilayer Ceramic Capacitors for General Purpose, 0402, 0.10uF, X7R, 15%, 20%, 50V","C7","FP-GRM155-0_05-MFG","CMP-06035-062118-1","1"
"1 uF","Chip Multilayer Ceramic Capacitors for General Purpose, 0402, 1.0uF, X6S, 22%, 10%, 10V","C6","FP-GRM155-0_05-IPC_A","CMP-06035-052171-1","1"
"4.7 uF","Chip Multilayer Ceramic Capacitors for General Purpose, 0805, 4.7uF, X6S, 22%, 20%, 35V","C3","FP-GRM21B-0_15-IPC_A","CMP-06035-033280-1","1"
"F32R-1A7H1-11024","Flex Connector, 0.50mm Pitch, Height 2.00mm, Right angle, Slider type, ZIF, Bottom contact, 24 position , Without MYLAR","J5","AMPHENOL_F32R-1A7H1-11024","CMP-002-00072-1","1"
"MCP73831T-2ACI/OT","IC CONTROLLR LI-ION 4.2V SOT23-5","U1","FP-C04-091-OT-IPC_B","CMP-0133-00143-2","1"
"TPS63060DSCT","IC REG BCK BST ADJ 2A 10WSON","U2","FP-DSC0010E-MFG","CMP-04918-000152-1","1"
"ICS-43434","ICS-43434 Mic Omni-Directional -26dB 3.63V Rectangular Solder Pad T/R","U4","FP-ICS-43434-MFG","CMP-03292-71346757-1","1"
"RED LED","LED RED DIFFUSED SMD","D2","FP-SML-LX0603IW-TR-MFG","CMP-57192-000012-1","1"
"22 uF","Multilayer Ceramic Capacitor 22uF 16V X5R 20% SMD 0805 T/R","COUT1, COUT2, COUT3","FP-0805-L_2_0_0_2-W_1_25-IPC_A","CMP-14477-000140-3","3"
"10K","RES 10kO ±1% 0.063W 0402","R8, R9, R15, R16","FP-AC0402-IPC_B","CMP-03412-022979-2","4"
"100K","RES 100kO ±1% 0.063W 0402","R12, R13, R14","FP-AC0402-MFG","CMP-03412-035800-2","3"
"100K","RES SMD 100KOHM 0.25% 1/16W 0402","R10","FP-RT0402-MFG","CMP-03412-032884-1","1"
"1 uH","Shielded Power Inductor, 1 uH, 64 MHz, -40 to 125 degC, 2-Pin SMD, RoHS, Tape and Reel","L1","COIL-XFL4020_V","CMP-2000-07423-1","1"
"TS-1187A-B-A-B","SPST 50mA @ 12VDC Top Actuated Round Button 160gf SMD Tactile Switches RoHS","S2, S3","SW_TS-1187A-B-A-B","CMP-007-000000-1","2"
"10K","Surge Chip Resistor Automotive Grade Thick Film 0402 10kOhm 1% Paper T/R","R5","FP-SR0402-MFG","CMP-03412-025841-1","1"
"SMD slide switch","SWITCH SLIDE SPDT 1MA 5V","SW1","FP-JS102000SAQN-MFG","CMP-10038-000025-1","1"
"MAX98357AETE+T","Tiny, Low-Cost, PCM Class D Amplifier with Class AB Performance","U5","QFN50P300X300X80-17N","CMP-014-00002-1","1"
"5V TVS","Transient Voltage Suppressor Diode, for ESD Protection, 2-Pin SOD-323, Pb-Free, Tape and Reel","D1","ONSC-SOD-323-2-477-02_G_V","CMP-1061-00632-1","1"
"USB4085-GF-A_REVA4","USB-C (USB TYPE-C) USB 2.0 Receptacle Connector 24 (16+8 Dummy) Position Through Hole, Right Angle, low cost, 3.46mm profile, 16 pin, horizontal, Top mount","J2","GCT_USB4085-GF-A_REVA4","CMP-002-00071-1","1"
